Loading Type,Constraint,Number of Layer,E1/E2,a/h,Configuration,Deflection 
UDL,CCCC,12,10,10,HR1,0.565981112
UDL,CCCC,12,10,10,HR2,0.587974184
UDL,CCCC,12,10,10,HR3,0.617162156
UDL,CCCC,12,10,10,HE1,0.560205328
UDL,CCCC,12,10,10,HE2,0.565092508
UDL,CCCC,12,10,10,HE3,0.575513004
UDL,CCCC,12,10,10,HS1,0.631943236
UDL,CCCC,12,10,10,HS2,0.619072868
UDL,CCCC,12,10,10,HS3,0.570965944
UDL,CCCC,12,10,10,LH1,0.57383878
UDL,CCCC,12,10,10,LH2,0.582216508
UDL,CCCC,12,10,10,LH3,0.591851816
UDL,CCCC,12,10,10,FH,0.621255524
UDL,CCCC,12,10,10,QI,0.568541444
UDL,CCCC,12,10,100,HR1,0.318855592
UDL,CCCC,12,10,100,HR2,0.320779952
UDL,CCCC,12,10,100,HR3,0.3236319
UDL,CCCC,12,10,100,HE1,0.319969644
UDL,CCCC,12,10,100,HE2,0.323114396
UDL,CCCC,12,10,100,HE3,0.329278468
UDL,CCCC,12,10,100,HS1,0.35346806
UDL,CCCC,12,10,100,HS2,0.35199698
UDL,CCCC,12,10,100,HS3,0.348480088
UDL,CCCC,12,10,100,LH1,0.3210832
UDL,CCCC,12,10,100,LH2,0.32264522
UDL,CCCC,12,10,100,LH3,0.324461144
UDL,CCCC,12,10,100,FH,0.327071
UDL,CCCC,12,10,100,QI,0.339711336
UDL,CCCC,12,40,10,HR1,0.335864948
UDL,CCCC,12,40,10,HR2,0.361320768
UDL,CCCC,12,40,10,HR3,0.39287222
UDL,CCCC,12,40,10,HE1,0.327589088
UDL,CCCC,12,40,10,HE2,0.330933616
UDL,CCCC,12,40,10,HE3,0.337859532
UDL,CCCC,12,40,10,HS1,0.390511868
UDL,CCCC,12,40,10,HS2,0.365757988
UDL,CCCC,12,40,10,HS3,0.30749204
UDL,CCCC,12,40,10,LH1,0.345222724
UDL,CCCC,12,40,10,LH2,0.3548202
UDL,CCCC,12,40,10,LH3,0.365523728
UDL,CCCC,12,40,10,FH,0.394928528
UDL,CCCC,12,40,10,QI,0.311616332
UDL,CCCC,12,40,100,HR1,0.084349176
UDL,CCCC,12,40,100,HR2,0.085731536
UDL,CCCC,12,40,100,HR3,0.087811528
UDL,CCCC,12,40,100,HE1,0.084750836
UDL,CCCC,12,40,100,HE2,0.086501864
UDL,CCCC,12,40,100,HE3,0.090212284
UDL,CCCC,12,40,100,HS1,0.103692048
UDL,CCCC,12,40,100,HS2,0.104682004
UDL,CCCC,12,40,100,HS3,0.102660616
UDL,CCCC,12,40,100,LH1,0.08564716
UDL,CCCC,12,40,100,LH2,0.086600908
UDL,CCCC,12,40,100,LH3,0.08771982
UDL,CCCC,12,40,100,FH,0.089469964
UDL,CCCC,12,40,100,QI,0.098684216
UDL,CCCC,16,10,10,HR1,0.582715004
UDL,CCCC,16,10,10,HR2,0.634645884
UDL,CCCC,16,10,10,HR3,0.671200644
UDL,CCCC,16,10,10,HE1,0.564163556
UDL,CCCC,16,10,10,HE2,0.582318796
UDL,CCCC,16,10,10,HE3,0.59363028
UDL,CCCC,16,10,10,HS1,0.634456324
UDL,CCCC,16,10,10,HS2,0.622394816
UDL,CCCC,16,10,10,HS3,0.578320968
UDL,CCCC,16,10,10,LH1,0.586780992
UDL,CCCC,16,10,10,LH2,0.600948308
UDL,CCCC,16,10,10,LH3,0.61631224
UDL,CCCC,16,10,10,FH,0.645948592
UDL,CCCC,16,10,10,QI,0.567951636
UDL,CCCC,16,10,100,HR1,0.3202943
UDL,CCCC,16,10,100,HR2,0.325601232
UDL,CCCC,16,10,100,HR3,0.331669236
UDL,CCCC,16,10,100,HE1,0.322272748
UDL,CCCC,16,10,100,HE2,0.332295276
UDL,CCCC,16,10,100,HE3,0.3408583
UDL,CCCC,16,10,100,HS1,0.359890192
UDL,CCCC,16,10,100,HS2,0.358411992
UDL,CCCC,16,10,100,HS3,0.348688444
UDL,CCCC,16,10,100,LH1,0.323988732
UDL,CCCC,16,10,100,LH2,0.326949848
UDL,CCCC,16,10,100,LH3,0.3302601
UDL,CCCC,16,10,100,FH,0.33946618
UDL,CCCC,16,10,100,QI,0.34017384
UDL,CCCC,16,40,10,HR1,0.355361772
UDL,CCCC,16,40,10,HR2,0.4108038
UDL,CCCC,16,40,10,HR3,0.442017916
UDL,CCCC,16,40,10,HE1,0.330447624
UDL,CCCC,16,40,10,HE2,0.342192144
UDL,CCCC,16,40,10,HE3,0.340894968
UDL,CCCC,16,40,10,HS1,0.390367952
UDL,CCCC,16,40,10,HS2,0.368022184
UDL,CCCC,16,40,10,HS3,0.311399328
UDL,CCCC,16,40,10,LH1,0.359600356
UDL,CCCC,16,40,10,LH2,0.3749562
UDL,CCCC,16,40,10,LH3,0.390872884
UDL,CCCC,16,40,10,FH,0.406943364
UDL,CCCC,16,40,10,QI,0.309348212
UDL,CCCC,16,40,100,HR1,0.085367064
UDL,CCCC,16,40,100,HR2,0.089201608
UDL,CCCC,16,40,100,HR3,0.093649696
UDL,CCCC,16,40,100,HE1,0.08608476
UDL,CCCC,16,40,100,HE2,0.092522772
UDL,CCCC,16,40,100,HE3,0.099480604
UDL,CCCC,16,40,100,HS1,0.106730628
UDL,CCCC,16,40,100,HS2,0.107693912
UDL,CCCC,16,40,100,HS3,0.102796308
UDL,CCCC,16,40,100,LH1,0.087311284
UDL,CCCC,16,40,100,LH2,0.08908108
UDL,CCCC,16,40,100,LH3,0.091085836
UDL,CCCC,16,40,100,FH,0.0978994
UDL,CCCC,16,40,100,QI,0.098825188
UDL,CCCC,20,10,10,HR1,0.611918648
UDL,CCCC,20,10,10,HR2,0.673660552
UDL,CCCC,20,10,10,HR3,0.657698384
UDL,CCCC,20,10,10,HE1,0.57471728
UDL,CCCC,20,10,10,HE2,0.591894396
UDL,CCCC,20,10,10,HE3,0.596046888
UDL,CCCC,20,10,10,HS1,0.636585024
UDL,CCCC,20,10,10,HS2,0.627469196
UDL,CCCC,20,10,10,HS3,0.585738484
UDL,CCCC,20,10,10,LH1,0.602223116
UDL,CCCC,20,10,10,LH2,0.621969496
UDL,CCCC,20,10,10,LH3,0.641541256
UDL,CCCC,20,10,10,FH,0.605781056
UDL,CCCC,20,10,10,QI,0.568274804
UDL,CCCC,20,10,100,HR1,0.323075776
UDL,CCCC,20,10,100,HR2,0.332514372
UDL,CCCC,20,10,100,HR3,0.33881588
UDL,CCCC,20,10,100,HE1,0.327753648
UDL,CCCC,20,10,100,HE2,0.339020496
UDL,CCCC,20,10,100,HE3,0.347449704
UDL,CCCC,20,10,100,HS1,0.36390984
UDL,CCCC,20,10,100,HS2,0.363490508
UDL,CCCC,20,10,100,HS3,0.347901536
UDL,CCCC,20,10,100,LH1,0.3277137
UDL,CCCC,20,10,100,LH2,0.332250584
UDL,CCCC,20,10,100,LH3,0.337060888
UDL,CCCC,20,10,100,FH,0.337060888
UDL,CCCC,20,10,100,QI,0.340460612
UDL,CCCC,20,40,10,HR1,0.387586716
UDL,CCCC,20,40,10,HR2,0.443536644
UDL,CCCC,20,40,10,HR3,0.415355356
UDL,CCCC,20,40,10,HE1,0.337849808
UDL,CCCC,20,40,10,HE2,0.33977654
UDL,CCCC,20,40,10,HE3,0.337856576
UDL,CCCC,20,40,10,HS1,0.39103456
UDL,CCCC,20,40,10,HS2,0.372111892
UDL,CCCC,20,40,10,HS3,0.3170828
UDL,CCCC,20,40,10,LH1,0.37601424
UDL,CCCC,20,40,10,LH2,0.396247064
UDL,CCCC,20,40,10,LH3,0.414924712
UDL,CCCC,20,40,10,FH,0.362742832
UDL,CCCC,20,40,10,QI,0.309063172
UDL,CCCC,20,40,100,HR1,0.087345516
UDL,CCCC,20,40,100,HR2,0.094206648
UDL,CCCC,20,40,100,HR3,0.098398384
UDL,CCCC,20,40,100,HE1,0.08959012
UDL,CCCC,20,40,100,HE2,0.098566128
UDL,CCCC,20,40,100,HE3,0.10261826
UDL,CCCC,20,40,100,HS1,0.108702312
UDL,CCCC,20,40,100,HS2,0.110205156
UDL,CCCC,20,40,100,HS3,0.10243798
UDL,CCCC,20,40,100,LH1,0.0894358
UDL,CCCC,20,40,100,LH2,0.092141336
UDL,CCCC,20,40,100,LH3,0.095059
UDL,CCCC,20,40,100,FH,0.098616184
UDL,CCCC,20,40,100,QI,0.09894176
UDL,SSSS,12,10,10,HR1,1.319607132
UDL,SSSS,12,10,10,HR2,1.334790576
UDL,SSSS,12,10,10,HR3,1.351459764
UDL,SSSS,12,10,10,HE1,1.315879456
UDL,SSSS,12,10,10,HE2,1.31896702
UDL,SSSS,12,10,10,HE3,1.324076412
UDL,SSSS,12,10,10,HS1,1.353565452
UDL,SSSS,12,10,10,HS2,1.338087984
UDL,SSSS,12,10,10,HS3,1.326975248
UDL,SSSS,12,10,10,LH1,1.32555796
UDL,SSSS,12,10,10,LH2,1.3314337
UDL,SSSS,12,10,10,LH3,1.33778414
UDL,SSSS,12,10,10,FH,1.354550392
UDL,SSSS,12,10,10,QI,1.300805108
UDL,SSSS,12,10,100,HR1,1.19021852
UDL,SSSS,12,10,100,HR2,1.187876528
UDL,SSSS,12,10,100,HR3,1.182789576
UDL,SSSS,12,10,100,HE1,1.189992688
UDL,SSSS,12,10,100,HE2,1.185061856
UDL,SSSS,12,10,100,HE3,1.173112252
UDL,SSSS,12,10,100,HS1,1.129411116
UDL,SSSS,12,10,100,HS2,1.145285784
UDL,SSSS,12,10,100,HS3,1.160118828
UDL,SSSS,12,10,100,LH1,1.187120444
UDL,SSSS,12,10,100,LH2,1.18498448
UDL,SSSS,12,10,100,LH3,1.182279536
UDL,SSSS,12,10,100,FH,1.181332856
UDL,SSSS,12,10,100,QI,1.114743932
UDL,SSSS,12,40,10,HR1,0.649339416
UDL,SSSS,12,40,10,HR2,0.669380228
UDL,SSSS,12,40,10,HR3,0.694951556
UDL,SSSS,12,40,10,HE1,0.643751588
UDL,SSSS,12,40,10,HE2,0.646022348
UDL,SSSS,12,40,10,HE3,0.651230324
UDL,SSSS,12,40,10,HS1,0.681939324
UDL,SSSS,12,40,10,HS2,0.66772382
UDL,SSSS,12,40,10,HS3,0.637943128
UDL,SSSS,12,40,10,LH1,0.654777112
UDL,SSSS,12,40,10,LH2,0.661549948
UDL,SSSS,12,40,10,LH3,0.669290696
UDL,SSSS,12,40,10,FH,0.697397468
UDL,SSSS,12,40,10,QI,0.61993818
UDL,SSSS,12,40,100,HR1,0.406333504
UDL,SSSS,12,40,100,HR2,0.404556456
UDL,SSSS,12,40,100,HR3,0.402549176
UDL,SSSS,12,40,100,HE1,0.408183884
UDL,SSSS,12,40,100,HE2,0.407541576
UDL,SSSS,12,40,100,HE3,0.404038924
UDL,SSSS,12,40,100,HS1,0.385149784
UDL,SSSS,12,40,100,HS2,0.398100056
UDL,SSSS,12,40,100,HS3,0.406691292
UDL,SSSS,12,40,100,LH1,0.405385392
UDL,SSSS,12,40,100,LH2,0.40443556
UDL,SSSS,12,40,100,LH3,0.403283808
UDL,SSSS,12,40,100,FH,0.40411326
UDL,SSSS,12,40,100,QI,0.370923188
UDL,SSSS,16,10,10,HR1,1.331551712
UDL,SSSS,16,10,10,HR2,1.359861792
UDL,SSSS,16,10,10,HR3,1.371066132
UDL,SSSS,16,10,10,HE1,1.318088232
UDL,SSSS,16,10,10,HE2,1.326926976
UDL,SSSS,16,10,10,HE3,1.341917372
UDL,SSSS,16,10,10,HS1,1.362249572
UDL,SSSS,16,10,10,HS2,1.33484078
UDL,SSSS,16,10,10,HS3,1.325545692
UDL,SSSS,16,10,10,LH1,1.335592864
UDL,SSSS,16,10,10,LH2,1.3449495
UDL,SSSS,16,10,10,LH3,1.35396316
UDL,SSSS,16,10,10,FH,1.36072356
UDL,SSSS,16,10,10,QI,1.291812636
UDL,SSSS,16,10,100,HR1,1.188854664
UDL,SSSS,16,10,100,HR2,1.179613824
UDL,SSSS,16,10,100,HR3,1.168360644
UDL,SSSS,16,10,100,HE1,1.185480904
UDL,SSSS,16,10,100,HE2,1.167363048
UDL,SSSS,16,10,100,HE3,1.18644976
UDL,SSSS,16,10,100,HS1,1.138705888
UDL,SSSS,16,10,100,HS2,1.136951728
UDL,SSSS,16,10,100,HS3,1.14894468
UDL,SSSS,16,10,100,LH1,1.184824748
UDL,SSSS,16,10,100,LH2,1.1811167
UDL,SSSS,16,10,100,LH3,1.176528872
UDL,SSSS,16,10,100,FH,1.167641092
UDL,SSSS,16,10,100,QI,1.094642496
UDL,SSSS,16,40,10,HR1,0.664862116
UDL,SSSS,16,40,10,HR2,0.710149672
UDL,SSSS,16,40,10,HR3,0.740390692
UDL,SSSS,16,40,10,HE1,0.64534528
UDL,SSSS,16,40,10,HE2,0.65665694
UDL,SSSS,16,40,10,HE3,0.669336716
UDL,SSSS,16,40,10,HS1,0.68772078
UDL,SSSS,16,40,10,HS2,0.665678496
UDL,SSSS,16,40,10,HS3,0.635730392
UDL,SSSS,16,40,10,LH1,0.6658529
UDL,SSSS,16,40,10,LH2,0.677452356
UDL,SSSS,16,40,10,LH3,0.68985562
UDL,SSSS,16,40,10,FH,0.7159857
UDL,SSSS,16,40,10,QI,0.610657248
UDL,SSSS,16,40,100,HR1,0.405159388
UDL,SSSS,16,40,100,HR2,0.402096496
UDL,SSSS,16,40,100,HR3,0.402045896
UDL,SSSS,16,40,100,HE1,0.407132576
UDL,SSSS,16,40,100,HE2,0.402875792
UDL,SSSS,16,40,100,HE3,0.422104348
UDL,SSSS,16,40,100,HS1,0.394677904
UDL,SSSS,16,40,100,HS2,0.39667092
UDL,SSSS,16,40,100,HS3,0.397286144
UDL,SSSS,16,40,100,LH1,0.404957544
UDL,SSSS,16,40,100,LH2,0.4037348
UDL,SSSS,16,40,100,LH3,0.402446592
UDL,SSSS,16,40,100,FH,0.406114012
UDL,SSSS,16,40,100,QI,0.358154884
UDL,SSSS,20,10,10,HR1,1.349266964
UDL,SSSS,20,10,10,HR2,1.371857688
UDL,SSSS,20,10,10,HR3,1.363605892
UDL,SSSS,20,10,10,HE1,1.322771148
UDL,SSSS,20,10,10,HE2,1.329038016
UDL,SSSS,20,10,10,HE3,1.348256728
UDL,SSSS,20,10,10,HS1,1.369302088
UDL,SSSS,20,10,10,HS2,1.336562028
UDL,SSSS,20,10,10,HS3,1.31610552
UDL,SSSS,20,10,10,LH1,1.346751612
UDL,SSSS,20,10,10,LH2,1.35838754
UDL,SSSS,20,10,10,LH3,1.367962604
UDL,SSSS,20,10,10,FH,1.335982444
UDL,SSSS,20,10,10,QI,1.27815588
UDL,SSSS,20,10,100,HR1,1.184813212
UDL,SSSS,20,10,100,HR2,1.167633108
UDL,SSSS,20,10,100,HR3,1.15956694
UDL,SSSS,20,10,100,HE1,1.173519904
UDL,SSSS,20,10,100,HE2,1.162136028
UDL,SSSS,20,10,100,HE3,1.185150948
UDL,SSSS,20,10,100,HS1,1.146914044
UDL,SSSS,20,10,100,HS2,1.135759324
UDL,SSSS,20,10,100,HS3,1.123529844
UDL,SSSS,20,10,100,LH1,1.18179416
UDL,SSSS,20,10,100,LH2,1.176275948
UDL,SSSS,20,10,100,LH3,1.17016876
UDL,SSSS,20,10,100,FH,1.1546398
UDL,SSSS,20,10,100,QI,1.075946644
UDL,SSSS,20,40,10,HR1,0.690947148
UDL,SSSS,20,40,10,HR2,0.74275376
UDL,SSSS,20,40,10,HR3,0.728292744
UDL,SSSS,20,40,10,HE1,0.650836048
UDL,SSSS,20,40,10,HE2,0.659055188
UDL,SSSS,20,40,10,HE3,0.667679148
UDL,SSSS,20,40,10,HS1,0.693666916
UDL,SSSS,20,40,10,HS2,0.669115056
UDL,SSSS,20,40,10,HS3,0.631910496
UDL,SSSS,20,40,10,LH1,0.679094632
UDL,SSSS,20,40,10,LH2,0.695257928
UDL,SSSS,20,40,10,LH3,0.71108324
UDL,SSSS,20,40,10,FH,0.674954088
UDL,SSSS,20,40,10,QI,0.60311916
UDL,SSSS,20,40,100,HR1,0.403370384
UDL,SSSS,20,40,100,HR2,0.402546908
UDL,SSSS,20,40,100,HR3,0.40266594
UDL,SSSS,20,40,100,HE1,0.403378052
UDL,SSSS,20,40,100,HE2,0.40392822
UDL,SSSS,20,40,100,HE3,0.422173668
UDL,SSSS,20,40,100,HS1,0.402787348
UDL,SSSS,20,40,100,HS2,0.399231248
UDL,SSSS,20,40,100,HS3,0.380264232
UDL,SSSS,20,40,100,LH1,0.40464566
UDL,SSSS,20,40,100,LH2,0.403463128
UDL,SSSS,20,40,100,LH3,0.402689704
UDL,SSSS,20,40,100,FH,0.399737652
UDL,SSSS,20,40,100,QI,0.349113144
SSL,CCCC,12,10,10,HR1,0.421526352
SSL,CCCC,12,10,10,HR2,0.436473568
SSL,CCCC,12,10,10,HR3,0.456294636
SSL,CCCC,12,10,10,HE1,0.41745856
SSL,CCCC,12,10,10,HE2,0.41745856
SSL,CCCC,12,10,10,HE3,0.426386708
SSL,CCCC,12,10,10,HS1,0.46148658
SSL,CCCC,12,10,10,HS2,0.44719176
SSL,CCCC,12,10,10,HS3,0.41508592
SSL,CCCC,12,10,10,LH1,0.426572584
SSL,CCCC,12,10,10,LH2,0.432115524
SSL,CCCC,12,10,10,LH3,0.438491556
SSL,CCCC,12,10,10,FH,0.458755208
SSL,CCCC,12,10,10,QI,0.458755208
SSL,CCCC,12,10,100,HR1,0.458755208
SSL,CCCC,12,10,100,HR2,0.240476144
SSL,CCCC,12,10,100,HR3,0.2419401
SSL,CCCC,12,10,100,HE1,0.240259916
SSL,CCCC,12,10,100,HE2,0.24208802
SSL,CCCC,12,10,100,HE3,0.245497172
SSL,CCCC,12,10,100,HS1,0.259682164
SSL,CCCC,12,10,100,HS2,0.255292876
SSL,CCCC,12,10,100,HS3,0.25348124
SSL,CCCC,12,10,100,LH1,0.240747944
SSL,CCCC,12,10,100,LH2,0.241610036
SSL,CCCC,12,10,100,LH3,0.242617252
SSL,CCCC,12,10,100,FH,0.24413318
SSL,CCCC,12,10,100,QI,0.24604232
SSL,CCCC,12,40,10,HR1,0.256749928
SSL,CCCC,12,40,10,HR2,0.274162136
SSL,CCCC,12,40,10,HR3,0.295468832
SSL,CCCC,12,40,10,HE1,0.250840612
SSL,CCCC,12,40,10,HE2,0.252512348
SSL,CCCC,12,40,10,HE3,0.255571728
SSL,CCCC,12,40,10,HS1,0.285809176
SSL,CCCC,12,40,10,HS2,0.262313812
SSL,CCCC,12,40,10,HS3,0.2240537
SSL,CCCC,12,40,10,LH1,0.26266114
SSL,CCCC,12,40,10,LH2,0.268966368
SSL,CCCC,12,40,10,LH3,0.27596282
SSL,CCCC,12,40,10,FH,0.296290648
SSL,CCCC,12,40,10,QI,0.224323048
SSL,CCCC,12,40,100,HR1,0.067626796
SSL,CCCC,12,40,100,HR2,0.068225928
SSL,CCCC,12,40,100,HR3,0.069135772
SSL,CCCC,12,40,100,HE1,0.067919464
SSL,CCCC,12,40,100,HE2,0.068767
SSL,CCCC,12,40,100,HE3,0.07043856
SSL,CCCC,12,40,100,HS1,0.077471108
SSL,CCCC,12,40,100,HS2,0.075815092
SSL,CCCC,12,40,100,HS3,0.074759732
SSL,CCCC,12,40,100,LH1,0.068229024
SSL,CCCC,12,40,100,LH2,0.06866866
SSL,CCCC,12,40,100,LH3,0.06866866
SSL,CCCC,12,40,100,FH,0.070120484
SSL,CCCC,12,40,100,QI,0.071335424
SSL,CCCC,16,10,10,HR1,0.432915412
SSL,CCCC,16,10,10,HR2,0.468199844
SSL,CCCC,16,10,10,HR3,0.492638372
SSL,CCCC,16,10,10,HE1,0.419804012
SSL,CCCC,16,10,10,HE2,0.430013524
SSL,CCCC,16,10,10,HE3,0.432886344
SSL,CCCC,16,10,10,HS1,0.463422528
SSL,CCCC,16,10,10,HS2,0.44986766
SSL,CCCC,16,10,10,HS3,0.418999176
SSL,CCCC,16,10,10,LH1,0.435130164
SSL,CCCC,16,10,10,LH2,0.444506112
SSL,CCCC,16,10,10,LH3,0.454677108
SSL,CCCC,16,10,10,FH,0.472856412
SSL,CCCC,16,10,10,QI,0.409571684
SSL,CCCC,16,10,100,HR1,0.240237568
SSL,CCCC,16,10,100,HR2,0.242992444
SSL,CCCC,16,10,100,HR3,0.246076756
SSL,CCCC,16,10,100,HE1,0.24156412
SSL,CCCC,16,10,100,HE2,0.246860112
SSL,CCCC,16,10,100,HE3,0.24984916
SSL,CCCC,16,10,100,HS1,0.264381092
SSL,CCCC,16,10,100,HS2,0.260056108
SSL,CCCC,16,10,100,HS3,0.252985264
SSL,CCCC,16,10,100,LH1,0.242437036
SSL,CCCC,16,10,100,LH2,0.24412012
SSL,CCCC,16,10,100,LH3,0.246006336
SSL,CCCC,16,10,100,FH,0.25059202
SSL,CCCC,16,10,100,QI,0.246228356
SSL,CCCC,16,40,10,HR1,0.270135664
SSL,CCCC,16,40,10,HR2,0.3074951
SSL,CCCC,16,40,10,HR3,0.326992424
SSL,CCCC,16,40,10,HE1,0.252289664
SSL,CCCC,16,40,10,HE2,0.256839944
SSL,CCCC,16,40,10,HE3,0.248856536
SSL,CCCC,16,40,10,HS1,0.285857472
SSL,CCCC,16,40,10,HS2,0.263900052
SSL,CCCC,16,40,10,HS3,0.225672472
SSL,CCCC,16,40,10,LH1,0.27207538
SSL,CCCC,16,40,10,LH2,0.282061032
SSL,CCCC,16,40,10,LH3,0.292325504
SSL,CCCC,16,40,10,FH,0.299303604
SSL,CCCC,16,40,10,QI,0.222788272
SSL,CCCC,16,40,100,HR1,0.06807854
SSL,CCCC,16,40,100,HR2,0.069779968
SSL,CCCC,16,40,100,HR3,0.071723516
SSL,CCCC,16,40,100,HE1,0.06852996
SSL,CCCC,16,40,100,HE2,0.071282976
SSL,CCCC,16,40,100,HE3,0.073484888
SSL,CCCC,16,40,100,HS1,0.079769776
SSL,CCCC,16,40,100,HS2,0.07804654
SSL,CCCC,16,40,100,HS3,0.074508228
SSL,CCCC,16,40,100,LH1,0.069063148
SSL,CCCC,16,40,100,LH2,0.069923616
SSL,CCCC,16,40,100,LH3,0.070909356
SSL,CCCC,16,40,100,FH,0.073813544
SSL,CCCC,16,40,100,QI,0.071383232
SSL,CCCC,20,10,10,HR1,0.452787644
SSL,CCCC,20,10,10,HR2,0.494212856
SSL,CCCC,20,10,10,HR3,0.480434048
SSL,CCCC,20,10,10,HE1,0.42585192
SSL,CCCC,20,10,10,HE2,0.431570608
SSL,CCCC,20,10,10,HE3,0.432745772
SSL,CCCC,20,10,10,HS1,0.465131376
SSL,CCCC,20,10,10,HS2,0.453852624
SSL,CCCC,20,10,10,HS3,0.423562208
SSL,CCCC,20,10,10,LH1,0.445346832
SSL,CCCC,20,10,10,LH2,0.458422236
SSL,CCCC,20,10,10,LH3,0.471376564
SSL,CCCC,20,10,10,FH,0.442987836
SSL,CCCC,20,10,10,QI,0.409756416
SSL,CCCC,20,10,100,HR1,0.241697948
SSL,CCCC,20,10,100,HR2,0.246533168
SSL,CCCC,20,10,100,HR3,0.24937292
SSL,CCCC,20,10,100,HE1,0.244451048
SSL,CCCC,20,10,100,HE2,0.248421724
SSL,CCCC,20,10,100,HE3,0.253424436
SSL,CCCC,20,10,100,HS1,0.26738064
SSL,CCCC,20,10,100,HS2,0.263891184
SSL,CCCC,20,10,100,HS3,0.2521206
SSL,CCCC,20,10,100,LH1,0.244629948
SSL,CCCC,20,10,100,LH2,0.24725114
SSL,CCCC,20,10,100,LH3,0.25003258
SSL,CCCC,20,10,100,FH,0.250392348
SSL,CCCC,20,10,100,QI,0.246364364
SSL,CCCC,20,40,10,HR1,0.292037876
SSL,CCCC,20,40,10,HR2,0.327761592
SSL,CCCC,20,40,10,HR3,0.304026592
SSL,CCCC,20,40,10,HE1,0.255541832
SSL,CCCC,20,40,10,HE2,0.24804768
SSL,CCCC,20,40,10,HE3,0.245023808
SSL,CCCC,20,40,10,HS1,0.28658368
SSL,CCCC,20,40,10,HS2,0.266963556
SSL,CCCC,20,40,10,HS3,0.229065508
SSL,CCCC,20,40,10,LH1,0.282732124
SSL,CCCC,20,40,10,LH2,0.29575426
SSL,CCCC,20,40,10,LH3,0.307578284
SSL,CCCC,20,40,10,FH,0.266455292
SSL,CCCC,20,40,10,QI,0.222522604
SSL,CCCC,20,40,100,HR1,0.068966348
SSL,CCCC,20,40,100,HR2,0.071986568
SSL,CCCC,20,40,100,HR3,0.073514812
SSL,CCCC,20,40,100,HE1,0.069996824
SSL,CCCC,20,40,100,HE2,0.072762328
SSL,CCCC,20,40,100,HE3,0.07506594
SSL,CCCC,20,40,100,HS1,0.081314412
SSL,CCCC,20,40,100,HS2,0.079940104
SSL,CCCC,20,40,100,HS3,0.074109344
SSL,CCCC,20,40,100,LH1,0.070156556
SSL,CCCC,20,40,100,LH2,0.071518644
SSL,CCCC,20,40,100,LH3,0.073004864
SSL,CCCC,20,40,100,FH,0.073562324
SSL,CCCC,20,40,100,QI,0.071435884
SSL,SSSS,12,10,10,HR1,0.977148556
SSL,SSSS,12,10,10,HR2,0.985895676
SSL,SSSS,12,10,10,HR3,0.9959335
SSL,SSSS,12,10,10,HE1,0.974510164
SSL,SSSS,12,10,10,HE2,0.974163292
SSL,SSSS,12,10,10,HE3,0.974163292
SSL,SSSS,12,10,10,HS1,0.975902676
SSL,SSSS,12,10,10,HS2,0.967191836
SSL,SSSS,12,10,10,HS3,0.958065564
SSL,SSSS,12,10,10,LH1,0.979142676
SSL,SSSS,12,10,10,LH2,0.979142676
SSL,SSSS,12,10,10,LH3,0.984744688
SSL,SSSS,12,10,10,FH,0.984744688
SSL,SSSS,12,10,10,QI,0.928484252
SSL,SSSS,12,10,100,HR1,0.837981464
SSL,SSSS,12,10,100,HR2,0.837981464
SSL,SSSS,12,10,100,HR3,0.824918604
SSL,SSSS,12,10,100,HE1,0.838337988
SSL,SSSS,12,10,100,HE2,0.831948956
SSL,SSSS,12,10,100,HE3,0.817385216
SSL,SSSS,12,10,100,HS1,0.76776962
SSL,SSSS,12,10,100,HS2,0.76776962
SSL,SSSS,12,10,100,HS3,0.790114272
SSL,SSSS,12,10,100,LH1,0.790114272
SSL,SSSS,12,10,100,LH2,0.829399844
SSL,SSSS,12,10,100,LH3,0.825195116
SSL,SSSS,12,10,100,FH,0.822436468
SSL,SSSS,12,10,100,QI,0.751181024
SSL,SSSS,12,40,10,HR1,0.472252272
SSL,SSSS,12,40,10,HR2,0.485027576
SSL,SSSS,12,40,10,HR3,0.501418292
SSL,SSSS,12,40,10,HE1,0.468054168
SSL,SSSS,12,40,10,HE2,0.46741192
SSL,SSSS,12,40,10,HE3,0.465982032
SSL,SSSS,12,40,10,HS1,0.475710356
SSL,SSSS,12,40,10,HS2,0.46180392
SSL,SSSS,12,40,10,HS3,0.439206824
SSL,SSSS,12,40,10,LH1,0.474337824
SSL,SSSS,12,40,10,LH2,0.477984584
SSL,SSSS,12,40,10,LH3,0.482199832
SSL,SSSS,12,40,10,FH,0.501795936
SSL,SSSS,12,40,10,QI,0.421143912
SSL,SSSS,12,40,100,HR1,0.280626864
SSL,SSSS,12,40,100,HR2,0.27732296
SSL,SSSS,12,40,100,HR3,0.273210144
SSL,SSSS,12,40,100,HE1,0.281991472
SSL,SSSS,12,40,100,HE2,0.27956924
SSL,SSSS,12,40,100,HE3,0.27956924
SSL,SSSS,12,40,100,HS1,0.251825976
SSL,SSSS,12,40,100,HS2,0.253995864
SSL,SSSS,12,40,100,HS3,0.260235212
SSL,SSSS,12,40,100,LH1,0.278321776
SSL,SSSS,12,40,100,LH2,0.276487564
SSL,SSSS,12,40,100,LH3,0.274415044
SSL,SSSS,12,40,100,FH,0.273516888
SSL,SSSS,12,40,100,QI,0.235546788
SSL,SSSS,16,10,10,HR1,0.98411206
SSL,SSSS,16,10,10,HR2,1.001520372
SSL,SSSS,16,10,10,HR3,1.0090851
SSL,SSSS,16,10,10,HE1,0.973931436
SSL,SSSS,16,10,10,HE2,0.97074276
SSL,SSSS,16,10,10,HE3,0.97523112
SSL,SSSS,16,10,10,HS1,0.982593176
SSL,SSSS,16,10,10,HS2,0.964117868
SSL,SSSS,16,10,10,HS3,0.954427368
SSL,SSSS,16,10,10,LH1,0.98401476
SSL,SSSS,16,10,10,LH2,0.988482624
SSL,SSSS,16,10,10,LH3,0.992881164
SSL,SSSS,16,10,10,FH,0.994986788
SSL,SSSS,16,10,10,QI,0.917509924
SSL,SSSS,16,10,100,HR1,0.834213248
SSL,SSSS,16,10,100,HR2,0.820791528
SSL,SSSS,16,10,100,HR3,0.820791528
SSL,SSSS,16,10,100,HE1,0.832709336
SSL,SSSS,16,10,100,HE2,0.809741036
SSL,SSSS,16,10,100,HE3,0.816527332
SSL,SSSS,16,10,100,HS1,0.774918812
SSL,SSSS,16,10,100,HS2,0.771254612
SSL,SSSS,16,10,100,HS3,0.779452784
SSL,SSSS,16,10,100,LH1,0.828243156
SSL,SSSS,16,10,100,LH2,0.822489056
SSL,SSSS,16,10,100,LH3,0.81621104
SSL,SSSS,16,10,100,FH,0.804458208
SSL,SSSS,16,10,100,QI,0.734117184
SSL,SSSS,16,40,10,HR1,0.482229312
SSL,SSSS,16,40,10,HR2,0.482229312
SSL,SSSS,16,40,10,HR3,0.530687892
SSL,SSSS,16,40,10,HE1,0.530687892
SSL,SSSS,16,40,10,HE2,0.46601324
SSL,SSSS,16,40,10,HE3,0.464521432
SSL,SSSS,16,40,10,HS1,0.479873548
SSL,SSSS,16,40,10,HS2,0.45997574
SSL,SSSS,16,40,10,HS3,0.435779752
SSL,SSSS,16,40,10,LH1,0.4804371
SSL,SSSS,16,40,10,LH2,0.486871832
SSL,SSSS,16,40,10,LH3,0.493896692
SSL,SSSS,16,40,10,FH,0.507627828
SSL,SSSS,16,40,10,QI,0.507627828
SSL,SSSS,16,40,100,HR1,0.278310596
SSL,SSSS,16,40,100,HR2,0.271413604
SSL,SSSS,16,40,100,HR3,0.26683784
SSL,SSSS,16,40,100,HE1,0.279574976
SSL,SSSS,16,40,100,HE2,0.268927444
SSL,SSSS,16,40,100,HE3,0.272846444
SSL,SSSS,16,40,100,HS1,0.258646056
SSL,SSSS,16,40,100,HS2,0.253588952
SSL,SSSS,16,40,100,HS3,0.253374176
SSL,SSSS,16,40,100,LH1,0.276309364
SSL,SSSS,16,40,100,LH2,0.273683984
SSL,SSSS,16,40,100,LH3,0.27098806
SSL,SSSS,16,40,100,FH,0.266575728
SSL,SSSS,16,40,100,QI,0.227272368
SSL,SSSS,20,10,10,HR1,0.994863568
SSL,SSSS,20,10,10,HR2,1.009608708
SSL,SSSS,20,10,10,HR3,0.997322204
SSL,SSSS,20,10,10,HE1,0.9715769
SSL,SSSS,20,10,10,HE2,0.962990556
SSL,SSSS,20,10,10,HE3,0.975170208
SSL,SSSS,20,10,10,HS1,0.988478912
SSL,SSSS,20,10,10,HS2,0.965804264
SSL,SSSS,20,10,10,HS3,0.94479726
SSL,SSSS,20,10,10,LH1,0.989594976
SSL,SSSS,20,10,10,LH2,0.99541502
SSL,SSSS,20,10,10,LH3,1.000447432
SSL,SSSS,20,10,10,FH,0.970256708
SSL,SSSS,20,10,10,QI,0.90726742
SSL,SSSS,20,10,100,HR1,0.827244064
SSL,SSSS,20,10,100,HR2,0.807813504
SSL,SSSS,20,10,100,HR3,0.797051396
SSL,SSSS,20,10,100,HE1,0.81805726
SSL,SSSS,20,10,100,HE2,0.796635604
SSL,SSSS,20,10,100,HE3,0.810919608
SSL,SSSS,20,10,100,HS1,0.810919608
SSL,SSSS,20,10,100,HS2,0.770915332
SSL,SSSS,20,10,100,HS3,0.758664704
SSL,SSSS,20,10,100,LH1,0.822731604
SSL,SSSS,20,10,100,LH2,0.815023656
SSL,SSSS,20,10,100,LH3,0.807503308
SSL,SSSS,20,10,100,FH,0.7923304
SSL,SSSS,20,10,100,QI,0.720630084
SSL,SSSS,20,40,10,HR1,0.499161936
SSL,SSSS,20,40,10,HR2,0.532168688
SSL,SSSS,20,40,10,HR3,0.515111328
SSL,SSSS,20,40,10,HE1,0.4657611
SSL,SSSS,20,40,10,HE2,0.456258164
SSL,SSSS,20,40,10,HE3,0.460235748
SSL,SSSS,20,40,10,HS1,0.484453548
SSL,SSSS,20,40,10,HS2,0.46261628
SSL,SSSS,20,40,10,HS3,0.43211734
SSL,SSSS,20,40,10,LH1,0.487895736
SSL,SSSS,20,40,10,LH2,0.497147124
SSL,SSSS,20,40,10,LH3,0.506475452
SSL,SSSS,20,40,10,FH,0.472079636
SSL,SSSS,20,40,10,QI,0.40801814
SSL,SSSS,20,40,100,HR1,0.274502648
SSL,SSSS,20,40,100,HR2,0.266736352
SSL,SSSS,20,40,100,HR3,0.262445616
SSL,SSSS,20,40,100,HE1,0.272421216
SSL,SSSS,20,40,100,HE2,0.260861428
SSL,SSSS,20,40,100,HE3,0.271168488
SSL,SSSS,20,40,100,HS1,0.264495076
SSL,SSSS,20,40,100,HS2,0.255732676
SSL,SSSS,20,40,100,HS3,0.242091436
SSL,SSSS,20,40,100,LH1,0.274212904
SSL,SSSS,20,40,100,LH2,0.271123248
SSL,SSSS,20,40,100,LH3,0.268425116
SSL,SSSS,20,40,100,FH,0.260372712
SSL,SSSS,20,40,100,QI,0.221549284
